<?xml version="1.0"?>
<opencv_storage>
<stage10>
  <maxWeakCount>6</maxWeakCount>
  <stageThreshold>-7.5575232505798340e-01</stageThreshold>
  <weakClassifiers>
    <_>
      <internalNodes>
        0 -1 65733 -8.8173225522041321e-03</internalNodes>
      <leafValues>
        8.4516131877899170e-01 -3.2604736089706421e-01</leafValues></_>
    <_>
      <internalNodes>
        0 -1 46178 -7.7076982706785202e-03</internalNodes>
      <leafValues>
        8.0880665779113770e-01 -2.6502615213394165e-01</leafValues></_>
    <_>
      <internalNodes>
        0 -1 25339 -9.9164210259914398e-03</internalNodes>
      <leafValues>
        2.7385145425796509e-01 -8.2649815082550049e-01</leafValues></_>
    <_>
      <internalNodes>
        0 -1 67952 -2.7407269924879074e-02</internalNodes>
      <leafValues>
        -8.8651543855667114e-01 2.0514340698719025e-01</leafValues></_>
    <_>
      <internalNodes>
        0 -1 24318 -1.6999820247292519e-02</internalNodes>
      <leafValues>
        -9.1524851322174072e-01 1.7884096503257751e-01</leafValues></_>
    <_>
      <internalNodes>
        0 -1 17131 1.1331053078174591e-01</internalNodes>
      <leafValues>
        2.7157482504844666e-01 -7.4930763244628906e-01</leafValues></_></weakClassifiers></stage10>
</opencv_storage>
